{"pos": [[-1.05, 1.25], [-0.15, 1.32], [0.85, 1.22], [1.0, 1.0], [0.85, 0.82], [-0.1, 0.78], [-1.0, 0.84], [-1.15, 1.04], [-0.1, 1.05], [1.05, 1.18], [1.35, 1.22], [1.55, 1.08], [1.58, 0.94], [1.35, 0.88], [1.05, 0.9], [-0.9, 0.84], [-0.45, 0.82], [0.4, 0.82], [0.8, 0.84], [-1.05, 0.48], [-0.95, 0.18], [-0.88, 0.06], [-0.55, 0.5], [-0.48, 0.18], [-0.4, 0.06], [0.55, 0.48], [0.62, 0.18], [0.72, 0.06], [0.95, 0.48], [1.0, 0.18], [1.1, 0.06], [-0.9853846153846154, 0.45307692307692304], [-0.9047692307692308, 0.16115384615384615], [-0.48318640153754794, 0.4791207504804837], [-0.43323048107628354, 0.1653845253363386], [0.6140442461101053, 0.5082548144603405], [0.6648309722770737, 0.19977837012223837], [1.0146153846153845, 0.5069230769230769], [1.0452307692307692, 0.19884615384615384]], "triangles": [[0, 1, 8], [1, 2, 8], [2, 3, 8], [3, 4, 8], [4, 5, 8], [5, 6, 8], [6, 7, 8], [7, 0, 8], [2, 3, 9], [3, 4, 14], [9, 10, 11], [9, 11, 14], [11, 12, 13], [11, 13, 14], [9, 14, 3], [15, 19, 31], [19, 20, 31], [31, 20, 32], [20, 21, 32], [15, 6, 5], [15, 5, 31], [16, 22, 33], [22, 23, 33], [33, 23, 34], [23, 24, 34], [16, 6, 5], [16, 5, 33], [17, 25, 35], [25, 26, 35], [35, 26, 36], [26, 27, 36], [17, 5, 4], [17, 4, 35], [18, 28, 37], [28, 29, 37], [37, 29, 38], [29, 30, 38], [18, 5, 4], [18, 4, 37]], "muscles": [[15, 19], [15, 20], [19, 20], [20, 21], [31, 20], [16, 22], [16, 23], [22, 23], [23, 24], [33, 23], [17, 25], [17, 26], [25, 26], [26, 27], [35, 26], [18, 28], [18, 29], [28, 29], [29, 30], [37, 29], [0, 2], [6, 4], [0, 6], [2, 4], [8, 3], [8, 7], [15, 16], [17, 18], [10, 13], [9, 12]], "l0": [0.39, 0.6618912297349164, 0.31622776601683794, 0.13892443989449801, 0.27535990434897545, 0.33526109228480416, 0.6407027391856538, 0.32756678708318404, 0.14422205101855953, 0.29913772166473135, 0.3716180835212409, 0.6767569726275451, 0.3080584360149872, 0.15620499351813308, 0.32830883969334357, 0.38999999999999996, 0.6896375859826666, 0.30413812651491096, 0.15620499351813313, 0.32724961068320263, 1.9002368273454757, 1.850108104949546, 0.4130375285612677, 0.4, 1.101135777277262, 1.0500476179678708, 0.45044422518220834, 0.4004996878900157, 0.33999999999999997, 0.5818075283115542], "rsi": [[[0.8113590263691681, 3.85395537525355], [0.28397565922920914, -3.6511156186612572]], [[1.0188679245283019, 0.1886792452830188], [-0.37735849056603804, -3.773584905660377]], [[0.7249466950959486, -4.051172707889126], [-0.9381663113006397, -0.6396588486140726]], [[-0.24330900243309017, -5.352798053527979], [-0.875912408759124, 0.72992700729927]], [[-0.8966861598440549, -3.7037037037037033], [-0.1559454191033135, 3.7037037037037033]], [[-1.1111111111111112, -0.0], [0.24691358024691334, 3.7037037037037033]], [[-0.9929078014184398, 4.255319148936169], [0.9456264775413713, 0.7092198581560278]], [[-0.04555808656036452, 4.78359908883827], [0.9567198177676539, -0.4555808656036442]], [[-1.0526315789473695, -5.2631578947368425], [5.789473684210526, 3.9473684210526323]], [[-4.166666666666664, -2.083333333333335], [7.499999999999998, -6.249999999999998]], [[1.999999999999998, 10.000000000000005], [0.8000000000000012, -6.0000000000000036]], [[2.0, 0.0], [-0.7142857142857135, -3.5714285714285725]], [[5.882352941176468, -5.882352941176465], [-4.11764705882353, -0.8823529411764707]], [[2.8124999999999996, -7.8124999999999964], [-3.1249999999999996, 3.124999999999998]], [[12.857142857142845, -3.5714285714285725], [-19.999999999999982, -0.0]], [[-14.173006480698781, 3.1276415891800484], [13.18681318681318, -5.494505494505493]], [[-1.6129032258064522, -3.870967741935485], [17.972350230414744, 5.9907834101382536]], [[-24.983541803818333, -6.899275839368017], [23.37063857801188, 3.0283080974325323]], [[-4.587155963302758, -11.009174311926607], [29.208013480621638, 17.038007863695942]], [[-10.000000000000002, -133.33333333333348], [-0.0, -16.666666666666682]], [[1.2296484623282649, -0.271353835623136], [-0.1906810736811224, -2.542414315748301]], [[-14.525107972945765, 1.414096241545554], [13.635428257643275, -4.261071330513525]], [[-1.0482180293501062, -3.3542976939203357], [16.065221553030447, 3.5142672147254137]], [[-22.501080206036324, -3.5828255807847325], [21.452862176686214, 0.22852788686439646]], [[-3.289473684210527, -10.526315789473685], [27.008143846788744, 18.00542923119249]], [[-2.66666666666667, -23.333333333333407], [-1.3333333333333388, -36.666666666666785]], [[2.8257031794036678, -0.275097180217909], [-0.3315781976622644, -2.9013092295448186]], [[-11.984084865751718, -8.228272734890465], [13.070254308184737, 5.766288665375621]], [[1.3333333333333308, -3.0222222222222235], [14.156879372237745, 3.303271853522138]], [[-20.79554196033965, -3.4237216955078162], [22.128875293672984, 0.4014994732855932]], [[2.688172043010752, -6.093189964157707], [16.30976886202506, 13.591474051687548]], [[-0.0, -25.000000000000046], [2.2222222222222223, -27.777777777777832]], [[2.2222222222222223, 1.5257777900283465], [-0.0, -3.207748014677142]], [[-12.200619892927596, -7.861369399830939], [13.1868131868132, 5.494505494505496]], [[1.2987012987013011, -3.1168831168831166], [14.471243042671631, 2.411873840445274]], [[-21.22979061754574, -2.1097270076861996], [22.528491916247038, -1.0071561091969166]], [[2.577319587628867, -6.185567010309275], [16.41068798653483, 13.67557332211237]], [[-0.9523809523809529, -2.3809523809523765], [2.857142857142853, -42.85714285714283]], [[26.944617299315546, 17.361543248288754], [-1.617921593030496, -4.044803982576231]]], "depth": [0.0, 0.0, 0.0, 0.0, 0.0, 0.0, 0.0, 0.0, 0.0, 0.0, 0.0, 0.0, 0.0, 0.0, 0.0, 0.0, 0.0, 0.0, 0.0, 0.0, 0.0, 0.0, 0.0, 0.0, 0.0, 0.0, 0.0, 0.0, 0.0, 0.0, 0.0, 0.0, 0.0, 0.0, 0.0, 0.0, 0.0, 0.0, 0.0]}